gene_id,mean_vst,sd_vst,pct_zero,has_gpr
ENSG_00000001,5.816634686177833,2.4729761034896223,18.722552366973126,0
ENSG_00000002,10.594196536692161,1.1081943589709486,44.3795095129925,0
ENSG_00000003,10.8308323308832,0.6920021943283662,42.34808770945552,1
ENSG_00000004,4.231810050400965,1.3419883744644465,35.15229730404457,0
ENSG_00000005,8.295011445671058,7.928577214123318,0.5598910134788915,0
ENSG_00000006,1.1665048174842179,2.4018830634865647,49.64316660147195,0
ENSG_00000007,11.033432701219262,0.8262922135481241,30.589608683316015,0
ENSG_00000008,8.590111706647441,0.6977757274179839,31.451144540306913,0
ENSG_00000009,5.248144891005058,0.22325879466088652,32.894293702270446,0
ENSG_00000010,10.217800811691289,0.5855228560027596,43.02310468744048,0
ENSG_00000011,6.859607665162756,1.364111699951501,48.830122144170716,1
ENSG_00000012,7.529605418694158,1.584792272857754,31.348886653866803,0
ENSG_00000013,5.884039331978877,1.180340121798079,4.9259730558589565,1
ENSG_00000014,9.659477069053121,1.0990380153054868,0.8369168042036579,0
ENSG_00000015,8.472674764267419,1.5630528391524368,9.169307498540052,0
ENSG_00000016,9.633363280967227,1.49729687954032,8.467319966919163,0
ENSG_00000017,3.49005891525087,0.18672764023513852,9.18650010554845,0
ENSG_00000018,15.462952566612707,6.068780891890702,40.70484935028577,0
ENSG_00000019,5.557013899545039,0.35932281725318316,35.903552330295945,0
ENSG_00000020,4.679226633775878,0.8404284780663096,44.27795985364445,0
ENSG_00000021,6.31530912038679,0.5591041633625906,38.60194645424029,0
ENSG_00000022,8.757514183193758,0.9735871041472574,22.96348649495753,0
ENSG_00000023,9.225100529612796,3.851594584554658,10.978222275400611,0
ENSG_00000024,9.728940442938745,2.5136216557325133,1.2320630309140768,0
ENSG_00000025,6.9731931758161325,1.5977519604047048,21.410204607873112,0
ENSG_00000026,3.445456958915498,0.0628392225026533,25.389549790411575,1
ENSG_00000027,4.977956430396913,0.156885156660872,32.38893597480684,0
ENSG_00000028,7.9404553938276345,7.5089767678616735,20.056654730021588,0
ENSG_00000029,7.059636932630339,0.16313481997167556,14.111313495990679,0
ENSG_00000030,11.154751037427815,0.8596864054375066,20.16727465271965,1
ENSG_00000031,9.986928741743947,0.25661704838290156,3.1217523100685485,0
ENSG_00000032,7.290478163594916,0.3389249688869128,0.6722053825150176,0
ENSG_00000033,6.113565462193173,0.23282246555706232,46.756767948316195,0
ENSG_00000034,7.26859945696802,0.3252209831179183,33.969434015601756,1
ENSG_00000035,8.778213463785457,1.2342797687481888,16.881381843177707,0
ENSG_00000036,10.686924276162102,0.06446752610087945,48.46691870430291,0
ENSG_00000037,8.003096595385802,0.7927549308102984,8.251569338723469,0
ENSG_00000038,10.6109102377122,0.7317155184493115,44.00743297219873,0
ENSG_00000039,6.344268374482683,0.09757184873147728,21.96486373308124,0
ENSG_00000040,7.281902988195286,1.1186320268331975,40.08178484596983,0
ENSG_00000041,8.913339089284351,0.526388634518877,5.856625895752371,0
ENSG_00000042,7.084381900944423,0.6352271064770262,3.6792870153157295,1
ENSG_00000043,9.053889002962885,2.557262537334595,10.395564768719773,0
ENSG_00000044,5.918450335835884,1.6907453147188551,28.462860619112966,0
ENSG_00000045,6.848874224722428,0.9652067926371888,23.19652839448655,0
ENSG_00000046,8.533960738879625,0.12340134803648364,9.751776156748754,0
ENSG_00000047,8.68746146242295,2.420837895069774,34.1891905283139,1
ENSG_00000048,9.296679782296469,9.349798004890513,17.277993151197236,0
ENSG_00000049,9.217638097069845,3.117331865536846,25.654542680272442,0
ENSG_00000050,7.864677620417618,1.4701039480568125,4.204423091271586,0
ENSG_00000051,12.196320313597422,2.3193468845912317,6.472803193672333,1
ENSG_00000052,5.12235952636868,2.606400645061599,28.85731408817909,0
ENSG_00000053,9.660759140943135,0.40836861593971396,5.219285550649833,0
ENSG_00000054,9.378145644295683,0.6895893827208718,29.000795103519224,0
ENSG_00000055,9.315466312154328,0.34323469824785596,40.72865125618358,0
ENSG_00000056,7.699763105869013,0.14289896933870627,0.09533092439231172,0
ENSG_00000057,11.584916331958093,0.44161014189226716,41.93853662614764,0
ENSG_00000058,4.392922559403305,1.0077807973993878,29.08925579865404,0
ENSG_00000059,9.847663011855754,0.20098110286418575,25.376283830559014,0
ENSG_00000060,11.69378752347366,1.5553636942799756,33.850402110942206,0
ENSG_00000061,7.0795306760784635,0.8816278428662565,38.521303339714514,0
ENSG_00000062,12.334966836517102,1.3501744789468544,16.744097766072702,0
ENSG_00000063,9.6125974629281,1.275125065042289,7.6996798289829975,0
ENSG_00000064,4.239343556268923,1.5941033492592118,7.927955002407522,1
ENSG_00000065,7.1585676124611375,2.236710910595211,23.554830418657424,0
ENSG_00000066,13.982121821116596,0.860658255929182,3.5177973676195293,0
ENSG_00000067,6.154527250766235,1.6383327833547021,1.1181166572666934,0
ENSG_00000068,9.454022418948597,0.06398311223946902,0.08613983087983335,1
ENSG_00000069,6.35531176670052,2.4062658675646347,9.108025607844217,0
ENSG_00000070,6.7263482167982875,1.8787385389353932,2.2098444353751634,0
ENSG_00000071,9.535722519803995,1.4607962462023738,33.76439496169485,0
ENSG_00000072,10.0517196110449,0.29277576455013854,2.0553144265924916,0
ENSG_00000073,8.699034495245662,3.454687918044027,41.40012734075719,0
ENSG_00000074,3.1509301607947764,0.3893024016311056,38.140981867801976,1
ENSG_00000075,8.946160582075382,1.8991238539873936,6.221829905612814,0
ENSG_00000076,7.440966042994125,1.1606832099241187,13.377153903472033,0
ENSG_00000077,4.175531137684045,0.6287507374128861,12.515469298520387,0
ENSG_00000078,6.707372059462656,0.15041265927960423,7.708415837930666,0
ENSG_00000079,7.986072369956021,2.663619647390548,7.605006955481786,0
ENSG_00000080,14.896078876904117,0.20560933367805603,22.167058316035693,0
ENSG_00000081,5.034128285002274,2.068327939633595,45.617337935581496,0
ENSG_00000082,7.483180991529504,3.6108269073775148,33.346225364752726,0
ENSG_00000083,9.812301096626255,0.23654981892780103,39.467268212374286,1
ENSG_00000084,10.211022633585507,1.6442495943369846,14.162216793376453,1
ENSG_00000085,7.6939389261046935,0.856157850627018,25.03526797113359,0
ENSG_00000086,9.817128775011685,0.149326358351571,46.73146085378245,0
ENSG_00000087,11.320182163452694,0.2698710838281711,6.3129767551048435,0
ENSG_00000088,12.553713400277164,0.435418515211344,12.156136745005558,0
ENSG_00000089,6.5106560649689955,1.8253583459415252,46.152212663190625,0
ENSG_00000090,8.719930160109442,1.0965902095544844,34.75089122039658,0
ENSG_00000091,6.285477675276082,0.24649613516297167,5.665923175832432,1
ENSG_00000092,2.9342398897670146,0.10371687598853355,25.51671425057847,0
ENSG_00000093,8.964770756199261,1.0114256348923005,23.513898844648402,1
ENSG_00000094,8.173682430225604,1.9949460017629579,27.763868128472502,0
ENSG_00000095,5.030015955997182,1.3587680519279055,16.41173322895576,0
ENSG_00000096,8.687229092474915,0.3954483603732586,0.6385734902419282,1
ENSG_00000097,6.17377657990414,0.145936708246537,3.586582196251087,0
ENSG_00000098,6.505593841510414,0.15763858693225447,18.779921143719175,0
ENSG_00000099,2.18850742172806,0.34871938916576983,44.69943946345688,1
ENSG_00000100,11.289203225809947,0.05216644020725106,48.48835395817862,0
ENSG_00000101,5.562287643574747,1.9970706643427352,32.05444692098851,0
ENSG_00000102,10.094638571320194,5.240861460599932,42.34101522740591,1
ENSG_00000103,7.098690493145472,0.8058133004932406,3.3239017773106894,1
ENSG_00000104,12.746216915198683,1.6288452579786206,30.50901103028006,0
ENSG_00000105,4.684794401169787,0.07947691067666893,17.35896468079948,0
ENSG_00000106,7.054184478395953,0.6099961865557355,21.496790527071347,0
ENSG_00000107,6.177578726795225,0.21250196440702718,47.55080468416881,0
ENSG_00000108,4.506947113991885,0.045364604229869696,27.876572006319144,1
ENSG_00000109,9.38013859293686,0.1290838386469937,8.867167532540737,0
ENSG_00000110,6.719632830028647,2.044189384657667,5.034231143105633,1
ENSG_00000111,5.115025298331318,2.794365900855812,39.780361906747686,0
ENSG_00000112,8.695645517431018,1.1415530503408113,44.75730664513012,0
ENSG_00000113,11.121154578982143,1.0272915389528878,8.701523747731416,0
ENSG_00000114,6.272974750335666,0.5650602239225204,24.507909814502245,1
ENSG_00000115,7.692170366352476,0.31168736748840026,24.945332475641646,1
ENSG_00000116,4.099859247832668,0.5711602186280642,48.51285860592384,0
ENSG_00000117,6.987933872852395,1.916128088442514,43.862204747761645,0
ENSG_00000118,9.419061289414723,2.0060376408940486,11.648194264559052,0
ENSG_00000119,9.538783001196622,0.19644667283660763,24.338008783375653,0
ENSG_00000120,6.5984242080932045,2.366510990803179,32.11581062924846,0
ENSG_00000121,8.844953663803686,3.072767792399468,47.26299302647172,1
ENSG_00000122,8.89683008185203,1.0088636619115665,18.490315606294196,0
ENSG_00000123,9.7243004985164,1.294576677610449,46.75662090912924,1
ENSG_00000124,8.189120952562167,0.4151543436319256,48.27052550907191,1
ENSG_00000125,5.158010410889496,0.2574994292650543,32.56897621390603,0
ENSG_00000126,7.024349571727367,0.6894353699176301,37.06717178457289,0
ENSG_00000127,9.678926236639361,1.731262662344924,33.9578876724519,0
ENSG_00000128,7.407636987421904,3.7734046210070202,23.724728134180577,0
ENSG_00000129,5.825394860100708,0.20530414088560206,19.418104784158253,1
ENSG_00000130,11.29790031140277,0.47966885858554076,3.7466784213768145,0
ENSG_00000131,8.346486044037457,1.655179640695949,4.081337858233919,1
ENSG_00000132,5.456270045288721,0.7006431881976113,30.66068853749073,0
ENSG_00000133,6.822673935709879,1.0899727515335065,21.399897936053314,0
ENSG_00000134,8.804794594680962,6.561517209955286,46.56477542041288,0
ENSG_00000135,8.023957672053237,1.0963485126618844,29.099448363845536,1
ENSG_00000136,11.32989782354064,5.59718923748631,27.302865597002018,1
ENSG_00000137,8.836203952533026,1.150452333740474,34.621418924094314,0
ENSG_00000138,9.798333218308226,1.4301566051218153,38.84698343664936,0
ENSG_00000139,3.788527245394582,0.6233900240937401,12.549038147532949,0
ENSG_00000140,6.818345974437332,2.88949407559845,30.372146429798885,0
ENSG_00000141,13.605599016897514,1.0599668486728908,42.15102643735402,0
ENSG_00000142,8.160261123203293,1.7264605655137935,20.417002468450946,0
ENSG_00000143,10.263331800105417,2.3593877613632177,42.94717852083385,0
ENSG_00000144,6.535948981870445,0.07006416634394083,22.62106250038103,0
ENSG_00000145,6.928945070176603,0.4263540162029227,11.380881853021002,1
ENSG_00000146,8.216699031920811,0.12633157173970094,24.60319480609173,0
ENSG_00000147,8.500581865331233,0.766244792616914,27.102778270405924,0
ENSG_00000148,8.204433162176965,1.5422240339950593,10.754722636678821,0
ENSG_00000149,11.516767871537514,0.716770301064444,45.37589592151987,0
ENSG_00000150,4.262163752183655,1.1139586240777437,4.456683179734394,0
ENSG_00000151,11.079384692940613,0.2528390897548623,35.42354571723141,0
ENSG_00000152,6.928804043058398,0.13049033671174354,26.506590998868656,0
ENSG_00000153,11.004890122240498,2.5594362920236415,22.42289961100525,0
ENSG_00000154,6.835262927590479,2.066751118061303,45.91158461056125,0
ENSG_00000155,3.8735958217435504,2.7933150981251,22.08949229853822,0
ENSG_00000156,9.834024469102232,1.6371643930028283,31.335846526918743,0
ENSG_00000157,2.5498922084649642,3.851229166972414,15.46762557932157,0
ENSG_00000158,10.392375406853143,1.33674525530708,9.627904134634264,0
ENSG_00000159,6.329300896073109,0.7860952555717868,46.40200132886484,0
ENSG_00000160,9.237194043120835,0.14531940415806305,43.470644594101074,0
ENSG_00000161,9.609672306521881,0.09648922651462026,22.40603996699567,0
ENSG_00000162,7.61887996556896,0.1580009293583876,45.60008496282585,1
ENSG_00000163,9.715077675530942,0.7800341658548557,4.745571446859431,0
ENSG_00000164,4.089251070590068,1.6017735460476334,40.73275185974257,0
ENSG_00000165,7.693740199145164,0.9653095966900704,11.815674403196203,0
ENSG_00000166,9.618025994720167,0.6169061618589201,25.879902702988716,0
ENSG_00000167,8.309395052785904,0.012315239251531145,6.946034055662581,0
ENSG_00000168,11.037997127204882,6.78915493029753,47.15296800740727,0
ENSG_00000169,6.868261394851988,4.522218781904285,48.14977725691666,0
ENSG_00000170,8.975510427441117,1.0864312066959525,25.020908882574567,0
ENSG_00000171,11.318755290274794,0.057472260725912966,20.14991210230687,0
ENSG_00000172,3.5670825089377525,2.162923641121814,29.345972892778416,0
ENSG_00000173,9.687878073300901,0.7221452381285016,24.830055717845678,0
ENSG_00000174,6.054512471408021,4.430326301551492,26.95758544814504,1
ENSG_00000175,10.273903101494357,0.34156879957664443,4.124197996192813,0
ENSG_00000176,5.338598411347462,0.4293913514288689,2.3891199603034377,0
ENSG_00000177,4.694896890374498,5.036607896122939,22.498937662188563,0
ENSG_00000178,9.548390581257129,0.3190692188160339,15.547294668562927,0
ENSG_00000179,6.158199873435215,0.3823472071722175,47.81328375146841,1
ENSG_00000180,12.75231160462244,1.741632187101441,23.20900228000653,0
ENSG_00000181,6.947776499601791,0.4032065166308397,33.80156107510753,1
ENSG_00000182,7.385732904433763,1.058127993116111,38.3991832431684,0
ENSG_00000183,12.682160994565542,0.22314045631058171,8.249175298884865,0
ENSG_00000184,6.114869773022578,2.5744606196298165,22.885096476261374,0
ENSG_00000185,8.3120449793313,1.0453452630011433,27.766685351811738,0
ENSG_00000186,8.24890378511777,1.4725437719932153,21.69855043752891,0
ENSG_00000187,7.477228511472573,0.3503547195118621,7.418172894617175,0
ENSG_00000188,9.862574612200358,1.1022496037505878,11.379732374540213,0
ENSG_00000189,6.086315023062874,3.807018276323306,30.14812079964491,0
ENSG_00000190,3.6399585422574967,4.474557791604275,44.89562627229321,0
ENSG_00000191,6.10640641414267,0.4851488301998552,35.2593190412376,0
ENSG_00000192,7.824500129062755,0.10905411329667938,4.748256222126707,0
ENSG_00000193,8.417598693527562,0.11484733506959777,31.787830850264864,0
ENSG_00000194,10.681408824332213,0.5486586691876032,39.020728925839585,0
ENSG_00000195,10.142570612160938,0.19566047674008546,19.534968899880685,0
ENSG_00000196,14.329644621254886,3.4059405933763682,18.562606728083246,0
ENSG_00000197,7.247294402814263,0.7965577531273742,16.150753298411257,1
ENSG_00000198,10.19984634697476,0.7537287889188269,48.232462548685554,0
ENSG_00000199,3.708073072159946,1.2062394821928577,21.843686595766236,1
ENSG_00000200,6.813213779100583,0.3130937782880334,48.74566944227835,0
ENSG_00000201,9.507142053025065,1.9642088421084236,41.500346066937155,1
ENSG_00000202,9.664532379642786,1.1488832911251654,47.45936658803479,0
ENSG_00000203,11.040279403286398,0.5446515816794469,34.31688067733895,0
ENSG_00000204,10.801855667225563,0.32036108800276436,31.590097490134326,0
ENSG_00000205,9.35790711952257,0.5212552465472828,20.835076844633804,0
ENSG_00000206,5.354620948707039,0.5459472512571604,18.632575810733098,1
ENSG_00000207,2.3717958652848,0.532052183560393,40.58677363874542,0
ENSG_00000208,5.199278660330011,1.957586949979874,42.576417030702565,0
ENSG_00000209,4.473075177716471,0.836010642146016,32.698685197044064,0
ENSG_00000210,4.075135864200905,0.23186174456717382,4.382408869470256,0
ENSG_00000211,7.813757687970058,1.2685859514467142,48.64643413831039,0
ENSG_00000212,8.693292872413497,1.5500950542138365,27.01435285348338,0
ENSG_00000213,10.793080709858899,2.3377692542226214,6.795879874934996,0
ENSG_00000214,6.081034431672149,1.1279684642194996,8.961728452299567,1
ENSG_00000215,12.28039121639502,2.2986769718022972,9.580066759676804,0
ENSG_00000216,4.175055473901321,0.6222226256287658,49.51935671840362,0
ENSG_00000217,5.794780509289232,2.0263388019610384,2.9555634888254465,0
ENSG_00000218,9.812286295277412,2.3340361045983404,0.7549976894715482,0
ENSG_00000219,9.526990640294125,3.5995058634767174,5.4470269743243875,0
ENSG_00000220,5.899380613153401,0.4041466251237452,31.387964119153473,0
ENSG_00000221,9.078954491977456,0.5538130762996436,27.23056148639118,0
ENSG_00000222,5.679620371115216,4.653337795791539,40.899598167425175,0
ENSG_00000223,9.913436016990905,1.2460603155506185,43.29488288219265,1
ENSG_00000224,5.518134000508493,1.6388060891347402,30.66442326751842,0
ENSG_00000225,8.816772325496533,6.4533815778500125,18.52810102981721,1
ENSG_00000226,6.5305195251215835,5.806168219335934,27.11348731375779,0
ENSG_00000227,10.116939311249904,0.24037923241352516,48.379472034225316,0
ENSG_00000228,11.094775517257382,1.7285205688457375,6.945045343430046,0
ENSG_00000229,9.222696033008505,0.13502832624495098,4.714221781598843,0
ENSG_00000230,6.864920488757912,1.9712740189743614,28.561597970614656,0
ENSG_00000231,9.452123662599243,3.54392782811251,2.5175062242976995,0
ENSG_00000232,2.053562310867939,1.8385937621120385,30.742079917513408,0
ENSG_00000233,8.45075136805492,0.3129410518351983,37.91660519739686,0
ENSG_00000234,4.630377992207697,1.5352083447034772,3.7201743503283033,0
ENSG_00000235,1.6861832047527319,3.82953324556128,45.59907154275566,0
ENSG_00000236,7.215990857916449,0.32747010965809686,28.962627800685997,0
ENSG_00000237,5.7219553678302955,0.20591881587111993,30.542638568264696,0
ENSG_00000238,8.890779875652235,2.651424429771494,18.804101559263763,1
ENSG_00000239,9.048865302823828,0.159497339560196,21.33329756721657,0
ENSG_00000240,9.852543421953841,0.5142529585776869,0.26213965148900176,0
ENSG_00000241,4.45368394350573,3.8351821172958696,4.066075925272056,1
ENSG_00000242,5.348595708108665,3.0340307606504617,49.84949294888354,0
ENSG_00000243,12.07467047746967,1.1318989220280693,6.884870133652332,0
ENSG_00000244,9.701271507480502,2.5281548713402278,39.50305852663392,0
ENSG_00000245,12.486505538097369,2.6424522808232576,40.93822381718953,0
ENSG_00000246,6.880747591238818,0.18066513780188279,40.58801249309552,0
ENSG_00000247,11.100512628854887,0.34915941375433396,38.87418465722692,0
ENSG_00000248,9.211603472047155,1.7268697774384485,7.343916878010353,0
ENSG_00000249,6.7663831023682235,0.16562987041955407,11.701649374178992,0
ENSG_00000250,8.074009258053234,2.610851402523192,31.459854781581555,0
ENSG_00000251,9.422687542500443,1.4683592280872335,32.51931997253762,0
ENSG_00000252,10.663941913019052,3.180068708146975,24.007661731924333,1
ENSG_00000253,8.081020452842955,0.665420399228008,10.128669139255924,0
ENSG_00000254,12.086533757041654,2.8444489084524087,41.01817717201857,0
ENSG_00000255,10.191696381239836,0.708217166537108,13.962000386940565,0
ENSG_00000256,4.459849123734789,1.0907949289936272,22.122827174512654,0
ENSG_00000257,12.191365772127252,0.378081323096535,7.915867851173952,0
ENSG_00000258,7.35438608873438,1.9632735227052205,32.601304002358624,1
ENSG_00000259,6.3010296856336065,2.819524323113254,2.558835386001884,0
ENSG_00000260,6.55085980691929,1.4057455363875038,47.4032621778424,0
ENSG_00000261,8.518066777131434,0.4822749433781456,11.014555879818705,0
ENSG_00000262,6.166694734543073,2.5980788004526145,8.27571297098027,0
ENSG_00000263,5.4510472418713585,0.622183015205501,25.386914406604788,1
ENSG_00000264,5.311158029361187,0.22840475272032956,11.564204284485585,0
ENSG_00000265,7.553464717754029,1.2852520609076716,30.419463513282935,0
ENSG_00000266,6.17060793104298,0.07337177124407168,35.82911267367705,0
ENSG_00000267,3.870579443986869,0.37600788666842866,5.580655076151281,0
ENSG_00000268,4.869203919112979,0.360434960834796,48.81270097826672,0
ENSG_00000269,4.0479388625342,1.2551979582988784,42.90480305432992,0
ENSG_00000270,5.928720792241427,0.22340292698649855,1.302403360758242,0
ENSG_00000271,13.486698428259432,0.2403096410049972,39.59153094049353,1
ENSG_00000272,7.677583195638852,0.6836682778407366,28.16358951676069,0
ENSG_00000273,6.296959695008144,0.5432498448376961,34.57659446264284,0
ENSG_00000274,10.046409140580598,4.757247924581118,19.728615124159333,0
ENSG_00000275,9.649379562281114,2.5380584743769337,32.92426898037511,0
ENSG_00000276,3.451797616095676,0.11132757807169003,28.92083066696469,0
ENSG_00000277,10.257292895464925,0.590470046645863,30.72191253854657,0
ENSG_00000278,5.945172052050914,3.1599619013571063,41.62631010259862,0
ENSG_00000279,9.527862875329209,1.555628918929533,43.01034928713211,1
ENSG_00000280,5.8172367912734195,1.1460789689083157,36.118385809898996,0
ENSG_00000281,7.067289535627194,2.853579412765966,47.362154092688456,0
ENSG_00000282,7.560372668708364,2.328065995771505,43.14647850051446,0
ENSG_00000283,11.658530141854921,1.682978668664084,46.80429351161492,0
ENSG_00000284,4.465885776253059,0.3619356172884281,1.5973383408621367,0
ENSG_00000285,5.473328061121368,1.7370306562486344,45.48206987661689,0
ENSG_00000286,8.351523246873006,1.1507620631905806,30.455319398431364,0
ENSG_00000287,5.60187108602839,0.08086646117127569,19.500786479866406,0
ENSG_00000288,7.173323471847161,0.5269530547587794,1.8269184192869714,0
ENSG_00000289,12.207163413405462,0.4341466412315451,27.574342904681625,0
ENSG_00000290,11.88879028621233,0.351480561212292,31.218560053728673,0
ENSG_00000291,5.560507805269442,0.9157843875895615,2.0577985623812802,0
ENSG_00000292,6.799992278066464,2.156875261300934,8.056869788647381,1
ENSG_00000293,8.506388957508843,1.8077686386450416,8.834564656138083,0
ENSG_00000294,3.928269816785112,1.155902649394223,46.511545881205755,0
ENSG_00000295,9.47889134930685,2.36316703772958,31.57994624711346,0
ENSG_00000296,11.944048936337015,0.038719380498777184,39.54312364693506,0
ENSG_00000297,8.881974461116599,2.107827492562975,28.80805754237746,0
ENSG_00000298,12.705068123618382,0.26406234580250176,24.73973712921224,0
ENSG_00000299,11.719272883927438,6.4017382636780304,5.753698189589302,0
ENSG_00000300,8.761577118350587,0.36567817927596113,8.758002580792107,0
ENSG_00000301,9.955538974917522,1.5931929616346945,29.627581760817574,0
ENSG_00000302,9.082814644125204,0.24027025877188432,4.3208388465616085,0
ENSG_00000303,8.417148486664345,0.3849272524527134,11.15020821995542,0
ENSG_00000304,3.8960160672973574,2.2696100525244978,11.27782009400794,0
ENSG_00000305,8.085398210815125,0.26461935232814,32.05415142512973,0
ENSG_00000306,7.5238589264794,3.9911775555038336,1.324394656358363,0
ENSG_00000307,10.39648319643745,7.8524585969157705,48.448481620671835,0
ENSG_00000308,3.481631366418334,0.7121795317274924,35.36545620225826,0
ENSG_00000309,6.2745370999320595,3.4704722499358933,45.20858795292831,0
ENSG_00000310,4.813631503707214,0.01865521811527901,31.85938325919688,0
ENSG_00000311,8.31498124098982,0.6361049087193882,40.43379830654265,1
ENSG_00000312,9.560844758594413,0.11359370165419419,0.7509358529627808,0
ENSG_00000313,6.960690054651658,1.337133030067304,14.837999052069046,1
ENSG_00000314,6.788849689431155,1.4350253346405544,39.798661709952995,0
ENSG_00000315,8.432189358579693,1.0904939121191248,49.966838598964365,0
ENSG_00000316,6.829412207142507,0.22427895216223367,25.575822409961006,1
ENSG_00000317,6.170646689720045,0.008633716067914103,23.00137015291352,0
ENSG_00000318,7.4876110457429395,0.4604375706378321,49.44706206430386,1
ENSG_00000319,12.001787773579942,0.721168010913452,28.438529976453996,0
ENSG_00000320,11.516581064780812,1.7845490578915157,35.95142993502941,1
ENSG_00000321,14.263143769516631,1.1974291513274435,46.205456479703464,0
ENSG_00000322,8.027552697366078,1.5234462642620148,45.12731646303492,0
ENSG_00000323,7.842799608676745,0.33652503161367686,44.69298010041066,0
ENSG_00000324,6.838105278136334,0.19334998779397367,7.674406208612384,0
ENSG_00000325,4.152205076537997,1.40524650603106,8.632145182824564,0
ENSG_00000326,5.970443300652771,0.2011616300164443,38.00857126124466,0
ENSG_00000327,3.2632128928472346,0.37491145691983896,17.26063630761832,1
ENSG_00000328,7.950511476099067,2.0201328866443014,22.895073704015807,1
ENSG_00000329,7.7681966081064,0.5132283801106317,41.712120120026526,1
ENSG_00000330,5.086282104466086,2.7409565437952095,47.46805734395061,0
ENSG_00000331,8.607246565674794,0.8094579807232087,27.78588213453796,0
ENSG_00000332,7.774648166173559,0.1602902512254852,7.717031353640586,1
ENSG_00000333,7.389401768727831,1.0163127622262904,8.228328382777633,0
ENSG_00000334,15.617706321023249,0.8008588740555016,45.09156214331799,0
ENSG_00000335,9.563515012606755,1.924729254196881,41.717173093529034,1
ENSG_00000336,7.258619707433072,2.8520911594308993,38.471026817526386,0
ENSG_00000337,7.382407841900759,1.0212275789138396,16.544883729582722,1
ENSG_00000338,8.5560861332979,1.3259191643797785,16.305896362253797,0
ENSG_00000339,12.496805422100211,3.44546353681994,13.066909427844763,0
ENSG_00000340,8.43650690832133,1.5621977414655506,21.932510627103763,0
ENSG_00000341,7.053413020897365,4.668965781678048,41.805655238473975,1
ENSG_00000342,5.441305729222644,0.4893978583508768,22.25626230661885,0
ENSG_00000343,5.043008784458378,4.194453233832131,3.2326247311352363,0
ENSG_00000344,7.259413675093109,1.9413790809697238,43.727346177330816,0
ENSG_00000345,9.811718235811234,0.5904137920091745,49.067975941193524,0
ENSG_00000346,6.702229343417617,2.387940410965128,4.375895992367912,0
ENSG_00000347,13.367299971730933,0.10393833594526061,3.2211431487099818,0
ENSG_00000348,4.553425938023098,6.200722051449279,0.519822321227531,0
ENSG_00000349,11.88382641112781,2.975230154609597,39.98093489881519,0
ENSG_00000350,15.454424432722403,0.17172513027506348,48.17851528455661,0
ENSG_00000351,13.761629901368169,2.9111560549058813,15.793790812232167,0
ENSG_00000352,6.060074770571973,0.4627760048084991,1.3218272272002785,0
ENSG_00000353,8.228969400663585,2.9145138258039287,44.515704385818076,0
ENSG_00000354,9.665706968063752,2.83836266835066,29.076271604225656,0
ENSG_00000355,9.143489059483635,1.4540127243700525,7.777747508682742,0
ENSG_00000356,7.3548010994501025,0.8432300632029233,39.168159243195724,0
ENSG_00000357,7.958478578238597,2.1865233487558955,32.91496402098398,0
ENSG_00000358,7.401811429806043,0.6008485056013928,42.19098464173556,0
ENSG_00000359,3.318866054831836,1.7234072828424636,9.566667484017183,0
ENSG_00000360,8.99880039477081,0.04112209047184462,18.835571456952977,0
ENSG_00000361,5.163547320556875,0.5466279408366965,40.55625958416675,0
ENSG_00000362,6.127347756450163,0.30756060111655426,20.754360849170812,0
ENSG_00000363,9.866736329769097,0.09443340170817097,7.816005659221648,0
ENSG_00000364,7.031884818569402,0.31972420007361935,16.67201927580541,1
ENSG_00000365,10.363971476230919,0.5923318859703597,27.362245717278654,0
ENSG_00000366,9.397199276320862,0.7375038474456176,2.798487548520523,0
ENSG_00000367,3.8426398094461334,0.42565741958078934,21.39195562042297,0
ENSG_00000368,9.079118198651381,2.7845337095075227,12.910136634853153,0
ENSG_00000369,7.171044381283249,8.149822969666227,24.36528596032631,0
ENSG_00000370,6.768045271495641,0.5450427625759954,35.54978847685483,0
ENSG_00000371,12.311680398056819,3.161507537391815,35.363716392165735,1
ENSG_00000372,7.859639855951031,0.5368130504663282,7.5171632350368,1
ENSG_00000373,4.198762494822005,0.22528717801216394,32.668411258381056,0
ENSG_00000374,7.124817213376761,1.2199931759753526,47.18308671510782,0
ENSG_00000375,0.39262469468312133,0.07229701610134254,1.996449426703223,0
ENSG_00000376,7.340203835925423,1.910773737521232,36.95326088002105,0
ENSG_00000377,5.3088559328018,0.7719005265807641,39.09223082201706,1
ENSG_00000378,6.091958887582716,0.13003429972668135,1.9667286461339417,0
ENSG_00000379,7.1344915625187495,1.1449437036524128,32.34275478647425,1
ENSG_00000380,10.005027008741516,2.4871545954668175,31.759305741058125,0
ENSG_00000381,8.295704840581122,1.2086690881664952,35.80897953626735,1
ENSG_00000382,11.20116493683078,1.6861378903294697,12.962015476417099,0
ENSG_00000383,7.435132962670318,1.3768502846063377,43.58929365217064,0
ENSG_00000384,12.145685009529204,1.7608706277422053,19.70956099866702,0
ENSG_00000385,8.799164438221819,1.6969434738851876,11.757250034497735,0
ENSG_00000386,9.973888432555324,0.7786927931250747,12.027259878894842,0
ENSG_00000387,6.6699363351802505,3.102768213336514,39.242471484681104,0
ENSG_00000388,2.4735776167719274,1.764796636089839,28.808483777750414,0
ENSG_00000389,7.093609808055392,0.9844476298447062,33.22509935810631,0
ENSG_00000390,7.536491987619707,3.301033915272093,17.578083636378317,0
ENSG_00000391,10.00597253604873,1.1642866053470602,1.6711651134197592,0
ENSG_00000392,9.642978774658076,0.8141251137764938,1.3444351130583565,0
ENSG_00000393,6.242683335631881,0.5519210249702622,10.806883174608139,0
ENSG_00000394,11.198649010880231,0.19244109521369737,6.7639109770335715,0
ENSG_00000395,5.76897199528454,0.34596402094458756,12.625253162343874,0
ENSG_00000396,6.999499026342036,5.9379851993933075,8.55797563207169,0
ENSG_00000397,6.347939673038466,3.4526545486791473,19.170432267521598,1
ENSG_00000398,5.968667369337734,0.3410085453243046,38.45626955011529,0
ENSG_00000399,5.823682058031212,0.016144077453618018,47.73226177259446,0
ENSG_00000400,8.117941451748711,1.7810788444335757,30.330108764564105,0
ENSG_00000401,6.635746155813395,1.7892346107077888,10.57746930018767,0
ENSG_00000402,6.633266634450039,0.11726318520085924,27.53572195061701,0
ENSG_00000403,7.839180762076456,0.2254408858704703,14.66394355645892,0
ENSG_00000404,10.654307063199864,0.6098414529790179,49.66848187139771,0
ENSG_00000405,10.579002292002265,0.5226038036766719,17.379033693222258,0
ENSG_00000406,8.544636803769302,0.44754286931909915,1.7677217064272666,0
ENSG_00000407,12.173316652565891,2.8488750361803876,17.988982691129902,0
ENSG_00000408,8.726639123534936,0.7374139386619931,20.947765746191948,0
ENSG_00000409,6.745973720752307,0.039876827784231954,19.740850770677326,1
ENSG_00000410,10.043248679319568,2.1338406714654488,26.367401752272023,1
ENSG_00000411,8.238130273793766,0.2269759560191933,39.83477188814411,0
ENSG_00000412,5.982800691225802,1.8455531926632762,41.29752034180272,0
ENSG_00000413,11.53767485492963,1.6902893668854315,18.966676835610418,1
ENSG_00000414,8.508749203278834,1.436085660522224,9.223647298619147,0
ENSG_00000415,9.874360596652824,1.352295678443372,20.440439588469182,0
ENSG_00000416,10.975174215165424,3.647309372221038,27.84006900640628,0
ENSG_00000417,7.384671743931278,4.411086295908239,18.589740871469996,0
ENSG_00000418,9.31539129699794,0.3520054395147253,24.59854259819968,0
ENSG_00000419,5.979208681415183,0.5822263752110697,5.1309047102005785,0
ENSG_00000420,8.315553948300929,0.37168806667470666,49.25813747118718,0
ENSG_00000421,4.958377874423513,2.5843165161539217,45.87999388218344,0
ENSG_00000422,9.334131872415794,0.21381643858700794,39.48656871167792,0
ENSG_00000423,10.857448075232401,5.43051415470093,42.28096907110593,0
ENSG_00000424,5.570869266515917,0.05811338792812972,36.34290301875222,0
ENSG_00000425,5.785253163125558,5.279944578712169,20.32897025136998,0
ENSG_00000426,5.482309617132053,2.107941407327386,41.642211024714655,0
ENSG_00000427,8.575415841567951,0.0962957008701558,25.249573868497897,1
ENSG_00000428,4.732888764394723,2.5399423319709933,29.730087219191486,1
ENSG_00000429,14.645778144004849,1.5357918689463022,16.07347674214411,0
ENSG_00000430,12.8550570856628,0.3703773598574202,16.180108053088034,0
ENSG_00000431,10.806106645993891,0.027539695774828125,35.14063581609537,0
ENSG_00000432,7.817801624735022,0.07864638821065671,42.44460086332752,0
ENSG_00000433,8.634742873467527,0.029387217597145576,17.921872472340304,0
ENSG_00000434,4.045365621901539,0.5387228667244941,27.44795336273397,0
ENSG_00000435,8.47875587557576,0.28786355518927687,26.798355002811018,0
ENSG_00000436,8.42930860080451,1.083955263606951,28.500271247496322,0
ENSG_00000437,7.700204183360977,0.1311224699608331,27.453226259938397,0
ENSG_00000438,9.443122631728244,0.12058879336047139,21.929977679710827,1
ENSG_00000439,9.448569218979488,0.9017756909845611,37.36549708341993,0
ENSG_00000440,4.782402651377932,1.0575996315501417,11.930977254815357,0
ENSG_00000441,9.93812469349184,1.36097587690438,8.301934841826991,0
ENSG_00000442,3.568267277895991,1.7640286965147203,35.347003676817245,0
ENSG_00000443,8.057120485150884,0.06061627985613367,47.442373361851594,0
ENSG_00000444,4.510712121597324,0.07306262219747155,30.846443392890084,0
ENSG_00000445,7.267662953778417,5.263825930212538,23.32495829241227,0
ENSG_00000446,7.653001827148176,0.8186294662242454,4.0573307378100445,0
ENSG_00000447,8.285532444692063,0.9534054258427915,37.4307304908837,0
ENSG_00000448,10.822762864056322,0.30009929253802303,28.362112656919102,0
ENSG_00000449,7.216734755265861,0.4890358089809784,40.44034633659064,0
ENSG_00000450,7.424866586619043,3.0138778846968375,11.271871626549112,0
ENSG_00000451,10.313416305970286,2.39624362227441,24.313195405975762,0
ENSG_00000452,5.626247168224691,0.3509739438455155,49.218490890207455,1
ENSG_00000453,8.787135033080983,4.633350355821038,17.165918751184545,0
ENSG_00000454,5.863514629630053,5.796553384622907,3.8923720106886273,0
ENSG_00000455,10.64514071478775,0.7244277082962609,23.582760438937473,0
ENSG_00000456,10.59052403467636,0.23989772515013202,30.606684722097743,0
ENSG_00000457,9.965804129633561,0.7176877276504334,19.346089953495454,0
ENSG_00000458,7.885143925099021,1.2142275510878924,15.054346189413554,0
ENSG_00000459,6.1068856058554,0.9762935654451632,3.4797722205833495,0
ENSG_00000460,8.942729767254594,2.165250067754924,12.985508430628483,0
ENSG_00000461,8.209286789448221,1.470153699451235,6.376967256849908,0
ENSG_00000462,10.682713614194903,2.2194177322819773,44.98939001420608,0
ENSG_00000463,9.973397718589961,0.34353613769913455,42.061449016014286,0
ENSG_00000464,2.362960997569293,0.8673149128076408,46.77275836795734,0
ENSG_00000465,6.632419607319692,1.4920884564165586,30.174685463750787,1
ENSG_00000466,9.663972864807475,0.7932059733090115,20.01062625289772,1
ENSG_00000467,6.600467733462875,0.08263822532989012,44.58331398710098,0
ENSG_00000468,7.8496663653402265,0.1224569994395183,23.685388153116772,1
ENSG_00000469,10.00073184732822,0.21497341681128712,14.082469319715173,0
ENSG_00000470,12.933687860838315,3.054919783992198,37.325533945831275,0
ENSG_00000471,6.90967461754751,0.2130298285050572,3.4002814804961643,1
ENSG_00000472,5.290528165132105,0.6358109202971423,45.777467250527046,0
ENSG_00000473,7.05847975400502,3.5306783597261218,23.258128981011694,1
ENSG_00000474,4.936668447164603,0.4086905585673579,22.757728531942572,0
ENSG_00000475,9.040657215347053,0.2883697310694687,36.4074219159201,0
ENSG_00000476,6.877134825137652,3.0584496205370475,36.03520112254447,0
ENSG_00000477,6.918592743780127,3.7741947538195633,23.8615481573579,0
ENSG_00000478,8.915333755615606,1.5517516805669636,39.12273062579249,0
ENSG_00000479,14.841755744026532,1.226645373617743,21.4980947233925,1
ENSG_00000480,7.489889342099951,0.4251889408983518,23.68735997843649,0
ENSG_00000481,8.506043954796745,2.35220232381446,46.01033304849445,0
ENSG_00000482,6.621033568358864,0.6436135446754008,1.7739418864677725,0
ENSG_00000483,3.309114541927822,0.6794285215903991,25.791356035838785,0
ENSG_00000484,5.892029350309593,0.5545335125890046,28.03514761980609,0
ENSG_00000485,9.61503955242357,4.164923523654732,0.8699715069953318,0
ENSG_00000486,10.182437428253191,0.1431773887208913,44.77758493920309,1
ENSG_00000487,7.614267481753039,0.072604169406708,2.0188472167459115,0
ENSG_00000488,12.020372436489502,0.2290650211939272,1.48871711436942,0
ENSG_00000489,8.660112367166803,0.7527279099923856,47.08319358668433,0
ENSG_00000490,6.882159783429145,0.28689435660289847,13.79842529653334,0
ENSG_00000491,6.971820748602062,0.960203792438739,0.0025139380674776834,0
ENSG_00000492,2.9553190474879223,3.7578667256651084,35.764717043988995,0
ENSG_00000493,4.223070117438494,2.528727957953344,0.29273840026009523,1
ENSG_00000494,10.318766590773732,0.010731185689760248,28.628602753916265,0
ENSG_00000495,7.423282062497472,0.10851933471119302,2.229328382817486,0
ENSG_00000496,8.131071272726933,1.5996085870457635,43.52931679313461,0
ENSG_00000497,9.407967437228082,3.2308669743969802,10.021879444581156,0
ENSG_00000498,6.070676706286237,0.08618536416184748,30.87597066649328,0
ENSG_00000499,11.952058333277645,0.49671931273105396,9.342351277640498,0
ENSG_00000500,5.521189070290054,0.15891146801150166,11.450307570959383,0
